CountOfMunicipality,CountOfnumbered,2014SumOfInter_Gov_Rev,2014SumOfTax_Rev,2014SumOfTotal_Revenue,2014SumOfEducation,2014SumOfDebt_Service,2014SumOfTotal_Expenditures,2014SumOfBonded_Long_Term_Debt,2014SumOfAdjusted_Taxes_Collectible,2014SumOfCurYrTaxCollected,2014SumOfTOTAL_Trans_from_Genl_Fund,2014SumOfEGL,2014SumOfTOTAL_Trans_to_Genl_Fund,SumOf2014 Population,2014SumOfenrollmt,SumOfTANF14 Recipients,2014SumOfOtherSources,2014SumOfOtherUses,2014SumOfLaborForce,2014SumOfUnemployed,SumOfNCE 2013-14,SumOfADM 2013-14
169,169,3358155104.0000,9769167146.0000,13711324148.0000,8143380093.0000,1025753857.0000,13492703400.0000,8358473967.9999,9733726252.0000,9578583930.0000,414242081.0000,517172671124.5400,81211909.0000,3.5966770000000000e+06,5.2843829999999970e+05,3.6140000000000000e+04,422206270.0000,551622960.0000,1.8851520000000000e+06,1.2471900000000000e+05,8.0207203490000000e+09,5.2843829999999970e+05
